timestamp,match_id,team_a,team_b,predicted_winner,confidence,value_flag,actual_winner_x,team_a_heroes,team_b_heroes,actual_winner_y,actual_winner,radiant_team,dire_team,duration,start_time,team_a_power,team_b_power,team_a_synergy,team_b_synergy
2025-04-14 19:45:59,8255073442.0,Frankfurt Beast Reborn,polish rejects,,,,,"[2, 21, 74, 75, 94]","[15, 17, 35, 73, 105]",,polish rejects,Frankfurt Beast Reborn,polish rejects,2128.0,1744659959.0,0.0,0.0,4.0,1.0
2025-04-14 19:04:13,8255029783.0,Frankfurt Beast Reborn,polish rejects,,,,,"[10, 21, 26, 67, 104]","[14, 46, 53, 64, 86]",,polish rejects,Frankfurt Beast Reborn,polish rejects,1337.0,1744657453.0,0.0,0.0,3.0,7.0
2025-04-14 18:57:34,8255022615.0,Dulo,Chill outstanding composed kings,,,,,"[29, 34, 48, 64, 76]","[22, 42, 46, 112, 131]",,Dulo,Dulo,Chill outstanding composed kings,3319.0,1744657054.0,0.0,0.0,1.0,2.0
2025-04-14 18:07:00,8254963315.0,Bociarnia,Poland,,,,,"[7, 55, 100, 109, 138]","[10, 16, 17, 64, 79]",,Poland,Bociarnia,Poland,2783.0,1744654020.0,0.0,0.0,3.0,5.0
2025-04-14 18:02:13,8254960356.0,tam_sme,TRENDISTITE,,,,,"[11, 42, 68, 71, 90]","[21, 55, 76, 92, 100]",,tam_sme,tam_sme,TRENDISTITE,1606.0,1744653733.0,0.0,0.0,2.0,1.0
2025-04-14 17:28:25,8254920393.0,52turbo,Purple rush,,,,,"[33, 34, 46, 68, 137]","[37, 54, 63, 74, 99]",,52turbo,52turbo,Purple rush,1214.0,1744651705.0,0.0,0.0,2.0,2.0
2025-04-14 17:16:53,8254907140.0,TRENDISTITE,tam_sme,,,,,"[25, 38, 49, 64, 90]","[23, 41, 68, 75, 114]",,tam_sme,TRENDISTITE,tam_sme,1730.0,1744651013.0,0.0,0.0,3.0,5.0
2025-04-14 17:10:13,8254897812.0,hidden pool,Creative Team,,,,,"[19, 27, 54, 106, 135]","[15, 31, 74, 131, 138]",,Creative Team,hidden pool,Creative Team,2239.0,1744650613.0,0.0,0.0,2.0,1.0
2025-04-14 14:48:31,8254715612.0,Wiser Warriors,Bright Crusaders,,,,,"[4, 11, 18, 26, 50]","[2, 7, 53, 74, 84]",,Bright Crusaders,Wiser Warriors,Bright Crusaders,1589.0,1744642111.0,0.0,0.0,1.0,5.0
2025-04-14 14:10:29,8254662385.0,Bright Crusaders,Wiser Warriors,,,,,"[19, 37, 49, 63, 97]","[5, 14, 25, 48, 114]",,Wiser Warriors,Bright Crusaders,Wiser Warriors,1643.0,1744639829.0,0.0,0.0,3.0,1.0
2025-04-14 13:55:50,8254642426.0,Romashku,BloodyRose,,,,,"[1, 13, 34, 79, 137]","[10, 19, 97, 100, 138]",,BloodyRose,Romashku,BloodyRose,1444.0,1744638950.0,0.0,0.0,0.0,2.0
2025-04-14 13:20:51,8254592372.0,Teiko,Elite Eclipse,,,,,"[23, 42, 52, 84, 109]","[18, 26, 60, 71, 74]",,Elite Eclipse,Teiko,Elite Eclipse,2037.0,1744636851.0,0.0,0.0,2.0,6.0
2025-04-14 13:05:13,8254571776.0,BloodyRose,Romashku,,,,,"[2, 54, 68, 120, 131]","[5, 7, 49, 60, 91]",,BloodyRose,BloodyRose,Romashku,1964.0,1744635913.0,0.0,0.0,3.0,2.0
2025-04-14 13:02:42,8254568907.0,Mine GG Soo BiGggggg！,one two three,,,,,"[10, 27, 64, 94, 120]","[5, 35, 42, 63, 69]",,Mine GG Soo BiGggggg！,Mine GG Soo BiGggggg！,one two three,1996.0,1744635762.0,0.0,0.0,2.0,0.0
2025-04-14 13:01:12,8254567739.0,FaZe Clan,Solid,,,,,"[19, 26, 40, 41, 76]","[39, 44, 63, 64, 97]",,Solid,FaZe Clan,Solid,2640.0,1744635672.0,0.0,0.0,2.0,2.0
2025-04-14 12:44:40,8254545420.0,Shadow Avengers,Foxy gaming,,,,,"[5, 42, 53, 74, 86]","[2, 11, 13, 22, 84]",,Foxy gaming,Shadow Avengers,Foxy gaming,2008.0,1744634680.0,0.0,0.0,7.0,4.0
2025-04-14 12:11:21,8254506504.0,Solid,FaZe Clan,,,,,"[2, 5, 28, 46, 51]","[8, 23, 31, 97, 123]",,FaZe Clan,Solid,FaZe Clan,1941.0,1744632681.0,0.0,0.0,3.0,0.0
2025-04-14 10:36:55,8254418065.0,Ghost Sheep,Prodigy of God,,,,,"[19, 21, 38, 92, 136]","[33, 44, 53, 62, 75]",,Prodigy of God,Ghost Sheep,Prodigy of God,2128.0,1744627015.0,0.0,0.0,2.0,3.0
2025-04-14 10:14:54,8254399968.0,Eye Gaming ,Teiko,,,,,"[7, 10, 40, 91, 136]","[16, 46, 69, 103, 112]",,Eye Gaming ,Eye Gaming ,Teiko,2336.0,1744625694.0,0.0,0.0,1.0,2.0
2025-04-14 09:58:35,8254387687.0,FenixTeam,BulletProofs,,,,,"[18, 40, 43, 96, 111]","[26, 91, 97, 136, 138]",,BulletProofs,FenixTeam,BulletProofs,1503.0,1744624715.0,0.0,0.0,1.0,0.0
2025-04-14 08:37:30,8254331463.0,Nethercore,Business Club,,,,,"[16, 27, 52, 94, 119]","[23, 46, 84, 86, 108]",,Nethercore,Nethercore,Business Club,2734.0,1744619850.0,0.0,0.0,2.0,8.0
2025-04-14 08:11:56,8254314393.0,Flawless Goblins,Dragon Blood,,,,,"[11, 21, 44, 86, 114]","[14, 18, 53, 76, 84]",,Flawless Goblins,Flawless Goblins,Dragon Blood,1913.0,1744618316.0,0.0,0.0,3.0,1.0
2025-04-14 07:43:20,8254295052.0,Business Club,Nethercore,,,,,"[19, 26, 49, 90, 120]","[21, 70, 75, 114, 129]",,Nethercore,Business Club,Nethercore,1968.0,1744616600.0,0.0,0.0,4.0,5.0
2025-04-14 06:36:06,8254256227.0,Nethercore,Eуе Gaming,,,,,"[28, 44, 63, 71, 77]","[23, 60, 75, 89, 131]",,Eуе Gaming,Nethercore,Eуе Gaming,2041.0,1744612566.0,0.0,0.0,1.0,4.0
2025-04-14 06:20:59,8254247760.0,RuleBreakers,Lucky Bulldogs,,,,,"[16, 26, 81, 85, 129]","[22, 27, 65, 72, 104]",,Lucky Bulldogs,RuleBreakers,Lucky Bulldogs,2014.0,1744611659.0,0.0,0.0,0.0,1.0
2025-04-14 06:10:55,8254242142.0,Mad Monkeys,Bright Crusaders,,,,,"[4, 5, 11, 14, 49]","[44, 61, 64, 86, 105]",,Mad Monkeys,Mad Monkeys,Bright Crusaders,1690.0,1744611055.0,0.0,0.0,1.0,1.0
2025-04-14 04:49:01,8254199529.0,Ninja Bros,Lighting Legends,,,,,"[28, 54, 101, 120, 131]","[2, 35, 44, 71, 86]",,Ninja Bros,Ninja Bros,Lighting Legends,1655.0,1744606141.0,0.0,0.0,4.0,3.0
2025-04-14 04:46:51,8254198634.0,Swift Knights,Shadow Avengers,,,,,"[8, 68, 91, 103, 120]","[19, 37, 38, 53, 110]",,Swift Knights,Swift Knights,Shadow Avengers,1712.0,1744606011.0,0.0,0.0,0.0,4.0
2025-04-14 04:05:21,8254173312.0,Lighting Legends,Ninja Bros,,,,,"[28, 35, 44, 86, 111]","[42, 71, 75, 102, 106]",,Lighting Legends,Lighting Legends,Ninja Bros,1877.0,1744603521.0,0.0,0.0,2.0,7.0
2025-04-14 01:00:54,8254083847.0,Wild Dragon,TOXIC TEAM,,,,,"[46, 68, 69, 70, 86]","[26, 38, 48, 91, 94]",,Wild Dragon,Wild Dragon,TOXIC TEAM,1576.0,1744592454.0,0.0,0.0,2.0,2.0
2025-04-13 23:38:00,8254044543.0,REAL ECLIPSE,Moonwalkers,,,,,"[14, 16, 46, 95, 128]","[42, 75, 102, 111, 126]",,REAL ECLIPSE,REAL ECLIPSE,Moonwalkers,1670.0,1744587480.0,0.0,0.0,2.0,1.0
2025-04-13 23:08:54,8254032946.0,Team Spirit,PARIVISION,,,,,"[16, 19, 34, 52, 121]","[38, 93, 94, 105, 114]",,Team Spirit,Team Spirit,PARIVISION,2412.0,1744585734.0,0.0,0.0,1.0,1.0
2025-04-13 22:07:05,8253997110.0,Vitality Warriors,HELLBEAR HEROES,,,,,"[35, 51, 54, 86, 98]","[14, 22, 48, 102, 105]",,HELLBEAR HEROES,Vitality Warriors,HELLBEAR HEROES,1915.0,1744582025.0,0.0,0.0,6.0,1.0
2025-04-13 22:01:35,8253995285.0,PARIVISION,Team Spirit,,,,,"[16, 46, 68, 78, 131]","[19, 62, 75, 94, 109]",,PARIVISION,PARIVISION,Team Spirit,2172.0,1744581695.0,0.0,0.0,3.0,2.0
2025-04-13 20:59:08,8253950663.0,PARIVISION,Team Spirit,,,,,"[10, 19, 38, 68, 131]","[7, 62, 75, 94, 109]",,PARIVISION,PARIVISION,Team Spirit,2268.0,1744577948.0,0.0,0.0,6.0,2.0
2025-04-13 19:56:26,8253889383.0,Meld z zaskoczenia,Frankfurt Beast Reborn,,,,,"[15, 21, 60, 84, 138]","[10, 29, 35, 43, 74]",,Frankfurt Beast Reborn,Meld z zaskoczenia,Frankfurt Beast Reborn,1958.0,1744574186.0,0.0,0.0,2.0,3.0
2025-04-13 19:03:48,8253834683.0,Frankfurt Beast Reborn,Meld z zaskoczenia,,,,,"[10, 26, 63, 96, 98]","[54, 81, 102, 108, 136]",,Frankfurt Beast Reborn,Frankfurt Beast Reborn,Meld z zaskoczenia,1727.0,1744571028.0,0.0,0.0,2.0,0.0
2025-04-13 18:00:04,8253754681.0,PARIVISION,Tundra Esports,,,,,"[46, 78, 106, 109, 131]","[10, 23, 55, 90, 103]",,PARIVISION,PARIVISION,Tundra Esports,4571.0,1744567204.0,0.0,0.0,2.0,2.0
2025-04-13 16:15:13,8253623162.0,Wкилеты,BRatiKI,,,,,"[19, 21, 29, 35, 64]","[72, 90, 94, 106, 131]",,BRatiKI,Wкилеты,BRatiKI,2933.0,1744560913.0,0.0,0.0,7.0,2.0
2025-04-13 14:56:29,8253508795.0,Bor Tactical Gaming, Team HaliFFat,,,,,"[19, 64, 71, 77, 94]","[26, 53, 87, 104, 120]",, Team HaliFFat,Bor Tactical Gaming, Team HaliFFat,2213.0,1744556189.0,0.0,0.0,3.0,3.0
2025-04-13 14:50:30,8253499480.0,HIPPOMEN,BRatiKI,,,,,"[39, 79, 86, 97, 99]","[13, 42, 44, 119, 131]",,BRatiKI,HIPPOMEN,BRatiKI,1999.0,1744555830.0,0.0,0.0,3.0,1.0
2025-04-13 14:17:32,8253446983.0,SevenGaming-T,Lazy,,,,,"[26, 35, 54, 60, 87]","[8, 29, 45, 49, 51]",,SevenGaming-T,SevenGaming-T,Lazy,2169.0,1744553852.0,0.0,0.0,2.0,2.0
2025-04-13 13:30:10,8253370185.0,Clever moves, Team HaliFFat,,,,,"[10, 15, 29, 51, 64]","[7, 14, 21, 37, 54]",, Team HaliFFat,Clever moves, Team HaliFFat,1923.0,1744551010.0,0.0,0.0,7.0,1.0
2025-04-13 13:27:06,8253365256.0,HIPPOMEN,Deep Sea Predators,,,,,"[7, 73, 79, 86, 107]","[15, 42, 46, 64, 138]",,HIPPOMEN,HIPPOMEN,Deep Sea Predators,2721.0,1744550826.0,0.0,0.0,2.0,6.0
2025-04-13 13:24:53,8253361822.0,KOROLI FIDA,TEAM EGGS,,,,,"[8, 17, 38, 64, 68]","[14, 44, 105, 114, 128]",,KOROLI FIDA,KOROLI FIDA,TEAM EGGS,1676.0,1744550693.0,0.0,0.0,3.0,2.0
2025-04-13 13:22:54,8253358741.0,Bor Tactical Gaming,Kastrula team,,,,,"[38, 51, 53, 77, 102]","[26, 72, 75, 98, 112]",,Bor Tactical Gaming,Bor Tactical Gaming,Kastrula team,2340.0,1744550574.0,0.0,0.0,2.0,2.0
